user,value_score,risk_score,total_score,target_grant,min_grant,grant
scikit-learn,67.29,100.0,100.0,40,1,40
tartley,77.2,37.21,42.69,17,40,40
jaraco,83.71,59.39,73.88,30,1,30
urllib3,87.9,55.69,72.75,29,1,29
pydantic,79.13,57.84,68.02,27,1,27
dpgaspar,51.21,88.28,67.18,27,5,27
youtype,73.51,59.64,65.15,26,5,26
prithivirajdamodaran,4.55,34.34,2.32,1,25,25
yaph,17.2,49.07,12.54,5,25,25
cesbit,9.33,37.02,5.13,2,25,25
ipython,75.97,54.82,61.89,25,1,25
pypa,100.0,40.03,59.49,24,5,24
psf,87.6,43.61,56.77,23,1,23
tox-dev,74.95,51.2,57.03,23,1,23
twisted,56.19,66.61,55.62,22,5,22
uqfoundation,72.51,50.12,54.01,22,15,22
tlocke,67.47,53.83,53.97,22,10,22
ousret,83.59,44.6,55.4,22,5,22
sphinx-doc,70.33,50.68,52.97,21,5,21
davidhalter,68.38,51.13,51.96,21,1,21
celery,66.87,52.19,51.86,21,10,21
pkjmesra,14.29,43.02,9.14,4,20,20
jezdez,12.32,22.18,4.06,2,20,20
vinitkumar,19.52,54.6,15.84,6,20,20
yzhao062,31.3,37.97,17.66,7,20,20
pallets,92.77,36.28,50.02,20,1,20
matplotlib,72.51,46.84,50.47,20,10,20
wolph,70.69,48.83,51.3,20,1,20
jannikmi,39.22,79.44,46.3,19,1,19
python-websockets,60.79,51.94,46.92,19,1,19
jpadilla,75.9,41.97,47.34,19,1,19
hynek,80.52,40.57,48.55,19,1,19
python-trio,71.42,43.08,45.72,18,1,18
facelessuser,72.15,41.63,44.64,18,1,18
bokeh,45.13,66.13,44.35,18,5,18
adamchainz,56.06,52.0,43.32,17,5,17
spyder-ide,49.7,58.52,43.22,17,5,17
joke2k,56.07,50.88,42.4,17,2,17
praw-dev,34.82,81.55,42.2,17,1,17
kislyuk,64.71,43.23,41.57,17,10,17
spec-first,52.7,52.17,40.86,16,5,16
opencv,57.89,47.95,41.25,16,9,16
jessicategner,44.88,61.52,41.03,16,9,16
getmoto,53.18,51.8,40.94,16,1,16
optuna,39.94,68.1,40.42,16,1,16
giampaolo,72.53,37.06,39.95,16,1,16
georgkrause,48.71,54.58,39.51,16,1,16
networkx,64.74,40.7,39.16,16,1,16
pymc-devs,33.08,78.3,38.49,15,1,15
mkdocs,43.89,58.55,38.19,15,5,15
denisneuf,2.5,50.49,1.88,1,15,15
masoniteframework,7.3,56.75,6.16,2,15,15
kivymd,7.95,51.4,6.07,2,15,15
sqlalchemy,78.16,32.72,38.01,15,5,15
imageio,59.03,43.25,37.94,15,1,15
jd,66.05,38.3,37.59,15,5,15
thombashi,49.14,50.94,37.2,15,1,15
sympy,55.25,44.86,36.83,15,5,15
typeddjango,42.15,55.56,34.8,14,10,14
kornia,38.74,59.73,34.39,14,1,14
svinota,32.91,73.13,35.77,14,5,14
paulfitz,29.9,21.78,9.68,4,14,14
pyupio,42.42,56.5,35.62,14,1,14
kurtmckee,42.41,56.34,35.51,14,1,14
plotly,57.49,41.52,35.47,14,8,14
ionelmc,63.4,35.88,33.81,14,5,14
cupy,26.64,85.7,33.93,14,1,14
farama-foundation,44.17,51.71,33.94,14,5,14
martinblech,63.72,35.87,33.97,14,1,14
horejsek,61.78,38.04,34.93,14,5,14
encode,76.12,30.15,34.11,14,1,14
adrienverge,48.01,48.14,34.35,14,1,14
sqlfluff,39.05,58.77,34.11,14,2,14
vgrem,45.39,46.79,31.56,13,5,13
john-kurkowski,51.27,41.75,31.81,13,5,13
amoffat,48.37,44.24,31.8,13,1,13
bastibe,41.0,52.69,32.1,13,1,13
lepture,62.03,35.29,32.53,13,10,13
igraph,35.28,62.22,32.62,13,1,13
stan-dev,48.14,45.92,32.85,13,5,13
wbond,71.58,31.31,33.31,13,1,13
mvantellingen,52.27,38.13,29.62,12,1,12
sethmlarson,41.2,47.76,29.24,12,1,12
miguelgrinberg,52.61,39.05,30.53,12,1,12
sktime,33.83,59.48,29.9,12,1,12
lark-parser,47.2,41.71,29.26,12,1,12
gristlabs,58.3,35.07,30.38,12,1,12
vimalloc,48.39,40.64,29.23,12,1,12
hhatto,45.89,42.41,28.92,12,1,12
sdispater,75.37,25.24,28.27,11,5,11
fabiocaccamo,37.61,50.86,28.43,11,5,11
caronc,34.63,55.22,28.42,11,1,11
camdavidsonpilon,39.21,48.52,28.27,11,1,11
python,94.07,19.36,27.06,11,1,11
jab,40.39,45.39,27.24,11,1,11
jdavid,38.1,47.74,27.03,11,5,11
lextudio,36.48,49.42,26.79,11,1,11
coin-or,36.86,51.19,28.04,11,5,11
worksapplications,40.64,45.85,27.69,11,5,11
indygreg,49.71,37.06,27.38,11,1,11
hgrecco,39.95,46.45,27.58,11,1,11
dj-stripe,17.26,33.66,8.63,3,10,10
erdogant,20.63,35.6,10.91,4,10,10
pokepetter,10.92,54.66,8.87,4,10,10
slhck,11.73,58.98,10.28,4,10,10
richardkiss,14.59,47.71,10.34,4,10,10
webrecorder,22.28,32.15,10.64,4,10,10
smurfix,28.9,26.19,11.25,4,10,10
quantconnect,20.82,50.56,15.64,6,10,10
fokko,24.61,33.07,12.09,5,10,10
dxa4481,24.74,34.11,12.54,5,10,10
dimagi,21.62,55.83,17.94,7,10,10
danielfrg,19.4,44.69,12.88,5,10,10
nschloe,26.51,35.61,14.03,6,10,10
plasma-umass,15.16,64.92,14.63,6,10,10
abhinavsingh,19.51,44.43,12.88,5,10,10
ashishb,4.45,50.32,3.33,1,10,10
ufrisk,4.44,22.62,1.49,1,10,10
voidful,6.8,39.02,3.94,2,10,10
runestoneinteractive,7.37,54.5,5.97,2,10,10
dcajasn,7.4,52.99,5.83,2,10,10
typesense,17.08,24.82,6.3,3,10,10
cr0hn,13.72,32.99,6.73,3,10,10
vkottler,5.82,49.63,4.29,2,10,10
juanifioren,7.11,39.59,4.18,2,10,10
inventree,10.95,25.59,4.16,2,10,10
pygfx,6.3,42.53,3.98,2,10,10
achimnol,12.57,38.82,7.25,3,10,10
nathan-fiscaletti,4.07,29.17,1.76,1,10,10
kapicorp,4.6,56.83,3.88,2,10,10
swar,5.93,41.4,3.65,1,10,10
dnaeon,12.99,38.2,7.37,3,10,10
rjpercival,16.46,31.67,7.75,3,10,10
chris1610,6.62,26.76,2.63,1,10,10
lief-project,24.63,51.44,18.83,8,10,10
giskard-ai,3.93,38.76,2.26,1,10,10
ocampor,4.69,30.58,2.13,1,10,10
facetoe,30.16,41.17,18.45,7,10,10
anthonyharrison,10.09,40.72,6.11,2,10,10
cdgriffith,42.41,40.61,25.59,10,1,10
jamesturk,43.31,40.45,26.03,10,1,10
tinche,56.09,30.59,25.5,10,5,10
skorokithakis,44.41,38.32,25.29,10,5,10
salamek,46.39,36.41,25.1,10,1,10
timofurrer,38.51,43.42,24.85,10,1,10
chezou,24.5,70.5,25.67,10,1,10
cunla,39.86,41.47,24.57,10,1,10
pydanny,56.27,29.12,24.35,10,5,10
mosquito,44.43,38.65,25.52,10,1,10
fabioz,34.67,47.21,24.32,10,1,10
wemake-services,37.29,43.82,24.28,10,10,10
alisaifee,51.78,33.53,25.8,10,1,10
j535d165,33.37,48.77,24.19,10,1,10
berkerpeksag,49.5,32.76,24.1,10,1,10
arsenetar,56.98,30.39,25.73,10,1,10
miketheman,31.25,51.66,23.99,10,1,10
domdfcoding,35.09,49.0,25.55,10,1,10
polm,29.9,50.12,22.27,9,10,10
selwin,43.48,34.53,22.31,9,5,9
django-import-export,34.54,43.36,22.26,9,1,9
ofek,46.25,31.99,21.99,9,2,9
tktech,29.94,50.12,22.3,9,5,9
brandon-rhodes,35.77,41.88,22.26,9,3,9
miso-belica,30.23,49.09,22.05,9,1,9
geospatialpython,30.33,50.62,22.82,9,1,9
maxcountryman,51.19,28.77,21.89,9,1,9
reportportal,29.64,37.33,16.44,7,9,9
nedbat,69.4,22.28,22.98,9,3,9
mkorpela,54.38,28.85,23.31,9,5,9
rytilahti,30.39,47.45,21.43,9,5,9
mikeabrahamsen,5.58,39.98,3.32,1,9,9
matthieudartiailh,46.26,33.98,23.36,9,1,9
django-cms,34.25,46.05,23.44,9,2,9
machu-gwu,36.95,42.75,23.47,9,1,9
wkentaro,36.25,44.0,23.7,9,2,9
wimglenn,36.19,39.56,21.28,9,1,9
django-crispy-forms,37.72,38.82,21.76,9,1,9
tefra,24.03,57.08,20.38,8,5,8
abetlen,21.53,63.34,20.27,8,1,8
eerimoq,40.63,33.38,20.15,8,1,8
jg-rp,30.89,42.38,19.45,8,1,8
jorisschellekens,7.78,47.06,5.44,2,8,8
matthiasvalvekens,35.59,38.78,20.51,8,5,8
nicolargo,25.61,53.96,20.54,8,5,8
glyph,47.78,28.97,20.57,8,1,8
ecederstrand,32.48,42.73,20.63,8,1,8
anymail,29.93,47.46,21.11,8,1,8
orsinium,30.33,43.12,19.44,8,1,8
tgalal,7.14,28.53,3.03,1,8,8
neithere,33.17,40.78,20.1,8,1,8
andrivet,21.26,36.22,11.44,5,8,8
gabrieldemarmiesse,26.64,43.42,17.19,7,8,8
ross,38.08,33.48,18.95,8,1,8
chrissimpkins,41.75,31.53,19.56,8,2,8
nolar,23.76,55.85,19.72,8,1,8
kludex,52.47,25.23,19.67,8,1,8
nficano,39.42,32.09,18.8,8,1,8
pantsbuild,27.8,45.67,18.87,8,1,8
alecthomas,46.04,28.51,19.51,8,1,8
robertcraigie,38.85,32.88,18.98,8,5,8
asottile,58.71,21.82,19.04,8,1,8
django,66.09,19.6,19.25,8,5,8
danthedeckie,34.5,37.63,19.29,8,1,8
litestar-org,36.04,36.28,19.43,8,1,8
nat-n,30.5,38.6,17.5,7,1,7
matthiask,35.07,34.06,17.75,7,1,7
oz123,25.96,45.84,17.68,7,2,7
belval,35.7,33.33,17.68,7,1,7
izimobil,34.73,34.09,17.59,7,5,7
koxudaxi,32.5,36.27,17.52,7,1,7
qdrant,32.04,36.29,17.28,7,5,7
florimondmanca,35.01,31.88,16.59,7,2,7
fgribreau,25.96,45.14,17.41,7,1,7
authlib,27.58,42.43,17.39,7,5,7
rocky,25.78,45.12,17.29,7,5,7
christianhelle,24.45,48.96,17.79,7,5,7
apeworx,22.2,52.31,17.26,7,1,7
ktbyers,26.51,43.74,17.23,7,1,7
frostming,39.74,29.13,17.2,7,5,7
alexdlaird,24.84,48.1,17.76,7,5,7
skelsec,28.91,39.08,16.79,7,1,7
benhoyt,47.55,25.26,17.85,7,1,7
openlawlibrary,22.85,54.05,18.35,7,5,7
gaogaotiantian,23.31,53.72,18.61,7,1,7
commitizen-tools,27.63,45.28,18.59,7,1,7
lovasoa,39.76,31.35,18.52,7,1,7
linsomniac,33.89,36.69,18.48,7,1,7
stranger6667,29.69,41.85,18.47,7,1,7
kennethreitz,43.37,28.63,18.45,7,1,7
biolab,18.3,67.25,18.29,7,2,7
gazpachoking,40.26,29.97,17.93,7,1,7
saml-toolkits,38.69,31.68,18.22,7,1,7
samuelcolvin,52.53,23.33,18.21,7,5,7
jacksonllee,27.68,44.19,18.18,7,1,7
rsalmei,34.55,33.05,16.97,7,2,7
pavlov99,32.18,37.6,17.98,7,5,7
drakkar-software,21.08,57.26,17.94,7,1,7
gmr,39.05,31.11,18.05,7,1,7
martinthoma,28.57,41.1,17.45,7,1,7
palewire,20.8,54.34,16.8,7,1,7
aminalaee,19.38,58.31,16.79,7,1,7
byvoid,23.24,47.6,16.44,7,1,7
pvizeli,23.98,46.06,16.41,7,1,7
policyengine,17.84,61.83,16.39,7,1,7
fornwall,24.07,47.32,16.93,7,1,7
mabel-dev,17.51,64.67,16.83,7,1,7
jellezijlstra,25.03,41.82,15.56,6,1,6
vllm-project,24.28,43.74,15.78,6,1,6
nidhaloff,28.67,36.98,15.76,6,5,6
masterodin,32.17,32.8,15.68,6,1,6
tehmaze,31.58,33.34,15.65,6,1,6
ynqa,25.6,36.95,14.06,6,1,6
mtkennerly,39.13,26.71,15.53,6,1,6
danielgtaylor,31.6,29.93,14.06,6,1,6
dvarrazzo,55.64,18.46,15.26,6,1,6
marshalx,21.12,48.34,15.17,6,5,6
plone,32.22,31.68,15.17,6,5,6
borda,31.7,32.84,15.47,6,1,6
timvink,28.29,37.9,15.93,6,1,6
defnull,30.23,35.37,15.89,6,1,6
akoumjian,36.93,29.02,15.93,6,2,6
sunpy,15.75,64.16,15.02,6,1,6
messense,46.69,22.98,15.94,6,1,6
spyoungtech,29.32,36.65,15.97,6,1,6
isislovecruft,28.55,37.78,16.03,6,1,6
jdepoix,26.62,40.79,16.14,6,1,6
daanzu,32.91,33.04,16.16,6,2,6
marselester,37.98,28.63,16.16,6,1,6
kootenpv,31.03,35.05,16.16,6,5,6
bab2min,16.91,64.39,16.18,6,3,6
bboe,33.34,32.68,16.19,6,1,6
marcelotduarte,21.52,50.64,16.2,6,1,6
schettino72,25.63,42.65,16.24,6,5,6
imerica,23.4,43.31,15.06,6,5,6
martyzz1,23.07,42.23,14.48,6,1,6
rec,32.42,28.63,13.79,6,1,6
udondan,14.38,65.09,13.91,6,1,6
breakthrough,24.8,39.41,14.52,6,1,6
lukasturcani,17.37,57.63,14.88,6,1,6
4n4nd,27.56,35.57,14.57,6,1,6
pawamoy,42.71,22.74,14.43,6,1,6
metachris,30.32,31.87,14.36,6,5,6
funilrys,26.3,36.65,14.32,6,1,6
ikegami-yukino,34.7,27.71,14.29,6,1,6
dimitrismistriotis,20.8,47.72,14.75,6,1,6
mitsuhiko,42.13,22.19,13.89,6,1,6
okken,34.43,28.35,14.51,6,1,6
rnag,23.66,42.15,14.82,6,1,6
josiahcarlson,27.44,34.83,14.2,6,5,6
kragniz,24.19,38.99,14.02,6,1,6
dry-python,21.11,44.46,13.95,6,5,6
johnwmillr,18.28,54.57,14.82,6,1,6
tconbeer,24.52,38.31,13.96,6,1,6
automatedtester,5.23,34.5,2.68,1,5,5
dmnfarrell,6.64,27.87,2.75,1,5,5
luqasz,5.8,33.51,2.89,1,5,5
openml,14.38,41.85,8.94,4,5,5
jaap3,4.73,34.24,2.41,1,5,5
r1j1t,3.64,41.55,2.25,1,5,5
huacnlee,3.71,40.86,2.25,1,5,5
oca,23.78,26.15,9.24,4,5,5
jdkandersson,4.02,40.18,2.4,1,5,5
ahopkins,16.82,31.77,7.94,3,5,5
stefanw,3.39,34.04,1.71,1,5,5
null8626,2.73,32.98,1.34,1,5,5
satterly,5.9,24.15,2.12,1,5,5
c-bata,5.32,25.89,2.05,1,5,5
dennis-van-gils,3.48,32.82,1.7,1,5,5
pssolanki111,3.24,33.43,1.61,1,5,5
vaibhavsingh97,16.39,34.03,8.29,3,5,5
adamghill,4.3,27.95,1.79,1,5,5
krypton-byte,4.59,23.45,1.6,1,5,5
thclark,4.11,25.06,1.53,1,5,5
freakboy3742,19.53,29.22,8.48,3,5,5
maxbachmann,23.17,24.69,8.5,3,5,5
p0dalirius,14.22,38.27,8.09,3,5,5
fire1ce,3.06,31.26,1.42,1,5,5
pipermerriam,21.41,26.95,8.57,3,5,5
r0x0r,14.82,36.58,8.06,3,5,5
joniles,4.64,27.3,1.88,1,5,5
lukecarrier,3.81,33.37,1.89,1,5,5
titusz,6.13,20.94,1.91,1,5,5
qeeqbox,2.22,42.5,1.4,1,5,5
randyzwitch,19.55,30.02,8.72,3,5,5
datagreed,3.95,33.68,1.98,1,5,5
samvv,3.84,35.67,2.04,1,5,5
kelsolaar,4.16,30.18,1.87,1,5,5
tomasfarias,18.34,23.23,6.33,3,5,5
maximkulkin,14.56,35.69,7.72,3,5,5
tintinweb,14.82,23.01,5.07,2,5,5
anthonybloomer,12.73,35.9,6.79,3,5,5
jiri-otoupal,8.12,36.31,4.38,2,5,5
abhitronix,7.16,41.48,4.41,2,5,5
pacman82,7.0,45.75,4.76,2,5,5
tokusumi,10.16,31.71,4.79,2,5,5
maxb2,9.98,32.66,4.84,2,5,5
dissectmalware,11.23,40.01,6.68,3,5,5
cyberjunky,11.25,39.84,6.66,3,5,5
zulip,15.41,21.38,4.9,2,5,5
deeplabcut,6.88,49.37,5.05,2,5,5
jasmcaus,9.38,47.11,6.57,3,5,5
hamiltron,8.58,51.2,6.53,3,5,5
justinmayer,22.36,23.06,7.66,3,5,5
timothycrosley,13.91,25.29,5.23,2,5,5
arshadkazmi42,12.15,29.05,5.25,2,5,5
jonathonreinhart,9.06,39.47,5.31,2,5,5
andrewgodwin,14.24,25.2,5.33,2,5,5
wenjiedu,14.74,43.12,9.45,4,5,5
whatnick,10.28,35.96,5.49,2,5,5
neon-jungle,8.13,46.46,5.61,2,5,5
petretiandrea,18.01,21.78,5.83,2,5,5
art049,8.72,45.11,5.85,2,5,5
twbs,13.14,32.07,6.26,3,5,5
mementum,9.89,41.4,6.08,2,5,5
mtrab,13.86,33.16,6.83,3,5,5
jobec,12.99,22.18,4.28,2,5,5
ran-isenberg,5.06,56.38,4.24,2,5,5
osantana,10.02,28.39,4.23,2,5,5
jelmer,2.93,67.25,2.93,1,5,5
kiwitcms,4.26,46.66,2.95,1,5,5
pencilcaseman,5.18,38.54,2.97,1,5,5
typemytype,7.01,28.75,3.0,1,5,5
mihai-dinculescu,5.19,39.2,3.02,1,5,5
lit26,4.38,46.74,3.04,1,5,5
assem-ch,4.15,49.65,3.06,1,5,5
urduhack,6.04,36.45,3.27,1,5,5
jparise,16.81,29.32,7.32,3,5,5
theacodes,25.78,19.1,7.32,3,5,5
openclimatefix,6.18,36.4,3.34,1,5,5
hakancelikdev,7.21,35.8,3.84,2,5,5
tillsteinbach,7.07,37.36,3.93,2,5,5
tyiannak,7.87,61.8,7.23,3,5,5
hoffstadt,14.78,32.8,7.2,3,5,5
juanbindez,7.57,35.27,3.97,2,5,5
ned14,16.23,29.65,7.15,3,5,5
sqlmapproject,6.53,41.14,3.99,2,5,5
laymonage,11.19,24.17,4.02,2,5,5
joshschmelzle,12.57,21.85,4.08,2,5,5
mfreeborn,15.63,17.75,4.12,2,5,5
rizsotto,14.89,31.9,7.06,3,5,5
manchenkoff,7.41,37.67,4.15,2,5,5
djrobstep,24.18,25.86,9.29,4,5,5
drgrib,28.76,30.3,12.95,5,1,5
laurents,23.16,33.12,11.4,5,1,5
mpariente,24.18,28.54,10.26,4,5,5
pdm-project,35.38,22.58,11.87,5,1,5
amol-,18.69,38.18,10.6,4,5,5
adriangb,24.85,32.25,11.91,5,1,5
datafolklabs,28.87,27.83,11.94,5,1,5
pylessard,18.89,42.56,11.95,5,1,5
clokep,22.77,35.81,12.12,5,1,5
openmined,13.81,59.28,12.17,5,5,5
xtrinch,27.12,30.39,12.25,5,1,5
hugovk,12.58,54.67,10.22,4,5,5
jaysonsantos,20.41,37.96,11.51,5,5,5
nielstron,18.58,44.36,12.25,5,1,5
wwkimball,20.27,40.76,12.28,5,5,5
dahlia,23.19,35.72,12.31,5,5,5
gamcoh,17.52,47.29,12.31,5,5,5
weblateorg,17.68,47.04,12.36,5,1,5
logandk,20.56,32.85,10.04,4,5,5
twopirllc,17.69,47.02,12.36,5,5,5
codingjoe,24.43,34.05,12.36,5,1,5
niccokunzmann,23.42,34.09,11.86,5,1,5
joshy,26.28,27.36,10.69,4,5,5
singingwolfboy,20.89,37.97,11.79,5,2,5
sanders41,22.94,34.53,11.77,5,1,5
brettcannon,29.56,26.19,11.51,5,1,5
okigan,16.62,46.57,11.5,5,1,5
haiiliin,13.88,55.39,11.43,5,1,5
mondeja,21.08,36.79,11.53,5,1,5
fhightower,21.4,35.84,11.4,5,1,5
kyegomez,16.31,47.6,11.54,5,1,5
turbo87,30.4,25.56,11.55,5,1,5
bhch,23.51,33.2,11.6,5,1,5
jyksnw,21.3,36.66,11.6,5,1,5
methane,20.92,37.36,11.61,5,1,5
tyleryep,21.73,36.0,11.63,5,1,5
fgmacedo,18.37,42.69,11.65,5,1,5
laggykiller,14.47,54.23,11.66,5,1,5
nutti,16.48,47.76,11.7,5,1,5
miksus,18.1,43.59,11.73,5,2,5
scoder,32.55,24.29,11.75,5,1,5
danielfm,22.68,34.91,11.77,5,1,5
xtekky,14.88,44.5,9.84,4,5,5
heitzmann,14.82,44.51,9.8,4,5,5
danvk,24.42,34.09,12.37,5,1,5
ipazc,15.65,56.24,13.08,5,1,5
diaoul,20.5,43.06,13.12,5,2,5
effigies,27.62,32.01,13.14,5,1,5
ottenbreit-data-science,16.93,52.56,13.22,5,1,5
softvar,28.62,31.19,13.27,5,1,5
roniemartinez,17.0,52.61,13.29,5,5,5
wannesm,17.76,50.52,13.33,5,2,5
danielgatis,25.77,35.02,13.41,5,1,5
pennersr,34.81,25.99,13.44,5,2,5
sco1,24.53,36.89,13.45,5,1,5
pudo,27.33,33.15,13.46,5,1,5
niklasf,19.89,45.59,13.48,5,1,5
karpetrosyan,27.01,33.73,13.54,5,1,5
koed00,17.22,53.08,13.58,5,1,5
benkehoe,30.34,30.16,13.6,5,1,5
ajbosco,25.0,36.9,13.71,5,5,5
alexandredecan,23.45,39.4,13.73,5,1,5
ymyzk,27.51,33.64,13.75,5,1,5
patrick-kidger,21.98,40.1,13.1,5,1,5
cthoyt,22.46,39.05,13.03,5,1,5
eerkunt,19.49,42.79,12.39,5,2,5
fcakyon,18.09,48.31,12.99,5,1,5
argosopentech,29.47,28.33,12.41,5,1,5
kapoorlabs-caped,11.67,56.08,9.73,4,5,5
zac-hd,22.6,37.08,12.45,5,5,5
lucacappelletti94,22.07,38.1,12.5,5,3,5
fizzadar,26.69,31.95,12.67,5,1,5
sayanarijit,33.04,25.81,12.67,5,1,5
supabase,39.05,21.86,12.69,5,5,5
brechtm,20.75,41.3,12.74,5,1,5
feature-engine,19.74,43.44,12.74,5,2,5
simonw,31.47,27.31,12.77,5,1,5
saleweaver,20.44,42.21,12.82,5,1,5
testcontainers,35.53,24.36,12.86,5,1,5
omarryhan,18.99,45.65,12.88,5,1,5
porimol,14.87,58.55,12.94,5,1,5
hobu,13.41,30.73,6.12,2,5,5
emilstenstrom,24.07,36.25,12.97,5,1,5
moses-palmer,27.28,32.01,12.98,5,1,5
dvershinin,13.71,56.5,11.51,5,1,5
justquick,16.31,38.67,9.37,4,1,4
jdillard,21.92,28.73,9.36,4,1,4
wmayner,17.34,34.26,8.83,4,1,4
marshallward,16.5,36.72,9.0,4,1,4
dyne,14.29,42.28,8.98,4,1,4
kpfleming,16.11,37.43,8.96,4,1,4
oxan,23.79,27.2,9.62,4,1,4
analogj,20.79,31.21,9.64,4,1,4
ikamensh,15.19,39.12,8.83,4,3,4
siddhantgoel,14.3,41.49,8.82,4,2,4
allankp,19.76,30.73,9.02,4,1,4
albertogeniola,16.42,36.13,8.82,4,1,4
timmo001,11.53,51.34,8.8,4,1,4
lazka,20.3,29.14,8.79,4,1,4
akiomik,11.17,52.79,8.76,4,1,4
honzajavorek,6.46,13.83,1.33,1,4,4
holdenk,16.79,38.71,9.66,4,1,4
jxnl,20.79,29.2,9.02,4,1,4
asciimoo,20.34,29.92,9.04,4,2,4
mkaranasou,19.6,33.32,9.71,4,1,4
jalan,16.43,37.43,9.14,4,1,4
frankie567,23.14,27.47,9.45,4,3,4
zauberzeug,15.45,40.44,9.29,4,1,4
kronenthaler,16.04,38.78,9.24,4,1,4
cvzi,16.18,39.84,9.58,4,1,4
mangiucugna,22.86,27.02,9.18,4,1,4
allisson,19.73,31.21,9.15,4,1,4
wyfo,14.11,45.75,9.59,4,1,4
johnfraney,18.97,32.12,9.06,4,2,4
jacebrowning,26.01,23.55,9.1,4,1,4
oprypin,28.76,21.28,9.1,4,1,4
gtaylor,16.13,37.94,9.09,4,2,4
jadolg,19.01,32.18,9.09,4,1,4
paulocheque,17.3,35.3,9.08,4,1,4
bhky,21.87,27.92,9.07,4,1,4
k0lb3,18.13,41.57,11.2,4,1,4
cpcloud,18.68,34.96,9.71,4,1,4
onelivesleft,18.69,34.96,9.71,4,1,4
mchampanis,22.59,32.59,10.94,4,1,4
5yutan5,17.5,37.53,9.76,4,1,4
ludovicrousseau,22.19,32.39,10.68,4,1,4
bskinn,16.28,44.37,10.73,4,1,4
cucumber,24.4,29.77,10.79,4,1,4
tk0miya,32.13,22.71,10.84,4,1,4
fhempy,13.55,53.88,10.85,4,1,4
eyeseast,24.98,29.53,10.96,4,1,4
damnever,13.42,52.01,10.37,4,1,4
brentp,16.82,44.16,11.04,4,1,4
darrenburns,27.56,27.02,11.07,4,1,4
jarryshaw,14.39,51.89,11.1,4,1,4
silviolleite,17.01,44.04,11.13,4,1,4
manzt,14.7,51.01,11.14,4,1,4
mayuri-chan,15.68,48.06,11.2,4,1,4
casbin,18.43,38.4,10.52,4,1,4
ultrabug,25.61,27.95,10.64,4,1,4
twolfson,29.19,23.86,10.35,4,1,4
jodal,13.91,48.92,10.11,4,1,4
ludeeus,25.98,25.35,9.79,4,1,4
mergifyio,18.9,30.3,8.51,3,4,4
ajinabraham,21.12,31.64,9.93,4,1,4
wechaty,13.32,50.53,10.0,4,1,4
jgm,56.51,12.32,10.35,4,1,4
alexmercerind,25.78,28.52,10.93,4,1,4
serengil,19.94,34.17,10.13,4,1,4
philpep,22.13,30.85,10.15,4,1,4
lalcs,20.11,34.01,10.16,4,1,4
mverleg,23.8,29.11,10.3,4,1,4
jdoiro3,10.79,35.04,5.62,2,3,3
pyenv,5.53,22.58,1.86,1,3,3
jaedb,6.55,42.7,4.16,2,3,3
thinh-vu,3.69,23.11,1.27,1,3,3
chapmanjacobd,8.24,49.05,6.01,2,3,3
fhamborg,5.81,28.82,2.49,1,3,3
mahtoid,6.88,38.12,3.9,2,3,3
db0,3.3,32.85,1.61,1,3,3
qix-,20.45,27.41,8.33,3,1,3
n0nsmoker,15.92,29.95,7.09,3,1,3
lithammer,18.05,31.47,8.44,3,1,3
fdemmer,15.46,31.32,7.2,3,1,3
spotlightkid,10.78,45.16,7.23,3,2,3
octodns,11.99,40.63,7.24,3,1,3
1e0ng,17.59,27.87,7.29,3,1,3
marimo-team,8.57,57.25,7.29,3,1,3
opengeos,11.55,50.88,8.73,3,1,3
labrixdigital,22.0,22.31,7.29,3,1,3
tomwojcik,27.04,21.73,8.73,3,1,3
marcogorelli,14.33,40.98,8.73,3,1,3
postlund,11.86,49.44,8.71,3,1,3
acheong08,13.88,41.57,8.57,3,1,3
peterdsharpe,10.44,55.09,8.55,3,1,3
bogdanp,21.49,26.5,8.46,3,1,3
nyx-space,9.58,51.31,7.3,3,1,3
red-m,9.42,52.25,7.31,3,1,3
pamelafox,10.65,45.43,7.19,3,1,3
arkq,14.18,34.07,7.18,3,1,3
kane610,12.47,38.44,7.12,3,1,3
shazow,25.48,18.26,6.91,3,1,3
freelawproject,10.98,41.05,6.7,3,1,3
boxed,11.48,39.52,6.74,3,1,3
jtauber,16.48,27.66,6.77,3,1,3
collerek,12.99,35.21,6.8,3,1,3
llybin,10.32,44.68,6.85,3,1,3
naorlivne,12.9,35.89,6.88,3,1,3
hentai-chan,7.38,63.21,6.93,3,2,3
styrahem,12.93,37.04,7.12,3,1,3
pinto0309,15.57,29.98,6.94,3,1,3
simoncozens,9.15,51.14,6.95,3,2,3
sagemath,14.14,33.33,7.0,3,2,3
vgalin,18.03,29.57,7.92,3,1,3
agusmakmun,11.01,43.37,7.1,3,1,3
mayitzin,12.52,38.19,7.11,3,1,3
keyweeusr,15.17,32.53,7.33,3,1,3
squidfunk,43.42,11.42,7.37,3,1,3
alexanderfabisch,10.27,43.8,6.68,3,1,3
r9y9,13.17,43.01,8.42,3,1,3
makcedward,19.05,27.34,7.74,3,3,3
cjrh,17.57,30.72,8.02,3,1,3
bulv1ne,12.01,44.89,8.01,3,1,3
snehilvj,19.45,27.67,8.0,3,1,3
chdb-io,9.1,57.63,7.79,3,1,3
dfurtado,19.97,26.29,7.8,3,1,3
sebastinas,19.82,27.06,7.97,3,1,3
ellisonleao,17.62,30.37,7.95,3,2,3
danielhiversen,15.69,33.47,7.8,3,1,3
oegedijk,15.14,35.3,7.94,3,1,3
julienpalard,16.36,32.61,7.93,3,1,3
cgarciae,20.33,25.9,7.83,3,1,3
wesm,23.26,22.7,7.85,3,1,3
giswqs,20.43,25.87,7.85,3,1,3
niwinz,18.78,28.15,7.86,3,3,3
bukosabino,18.54,29.17,8.04,3,3,3
ars-linguistica,9.65,56.39,8.09,3,1,3
zen-xu,13.71,39.78,8.1,3,1,3
xonsh,13.57,37.42,7.55,3,1,3
androguard,15.76,35.93,8.42,3,1,3
jobase,11.35,49.63,8.37,3,1,3
kevinschaich,17.73,31.64,8.34,3,3,3
pr0ps,13.19,37.66,7.38,3,1,3
tqdm,30.5,16.35,7.41,3,1,3
infisical,12.77,39.67,7.53,3,1,3
jpetrucciani,16.6,30.6,7.55,3,1,3
joaquinamatrodrigo,12.3,44.75,8.18,3,1,3
tonybaloney,15.05,37.24,8.33,3,1,3
wesinator,15.5,32.87,7.57,3,1,3
chrisdoherty4,17.52,31.72,8.26,3,1,3
phil65,9.06,56.52,7.61,3,1,3
darvid,10.17,50.62,7.65,3,1,3
dflook,12.21,42.61,7.73,3,1,3
tishka17,11.03,40.82,6.69,3,1,3
matthewreid854,12.05,44.04,7.89,3,2,3
teamultroid,10.59,39.83,6.27,3,1,3
trbs,19.21,22.71,6.48,3,1,3
bharel,13.18,32.3,6.33,3,1,3
snaipe,12.21,34.61,6.28,3,1,3
vaskivskyi,10.65,40.2,6.36,3,1,3
tdewolff,9.7,44.34,6.39,3,1,3
bluenote10,12.81,33.14,6.31,3,1,3
andrewannex,10.07,44.34,6.64,3,1,3
jgonggrijp,16.58,26.8,6.6,3,1,3
jeff-hykin,16.07,26.25,6.27,3,1,3
taskiq-python,12.38,35.09,6.46,3,1,3
pyeventsourcing,10.24,41.43,6.3,3,1,3
anapaulagomes,15.37,27.51,6.28,3,1,3
pyodide,12.56,35.06,6.54,3,1,3
srounet,12.09,35.67,6.41,3,1,3
ojacques,8.55,41.12,5.22,2,2,2
chekos,7.63,42.92,4.87,2,1,2
cduck,10.45,33.9,5.26,2,2,2
cyberdelia,13.3,27.01,5.34,2,1,2
remcohaszing,16.19,22.59,5.44,2,1,2
davidvujic,10.69,33.42,5.31,2,1,2
sonic182,9.89,35.52,5.22,2,2,2
kayjan,9.29,39.49,5.45,2,1,2
stared,9.35,27.13,3.77,2,2,2
noltari,8.88,39.49,5.21,2,1,2
qoomon,13.39,19.23,3.83,2,2,2
pierre-sassoulas,9.63,26.63,3.81,2,1,2
voxpupuli,8.53,30.05,3.81,2,1,2
christopherpickering,8.66,29.53,3.8,2,1,2
tbicr,6.93,36.72,3.78,2,1,2
booritas,4.13,61.28,3.76,2,1,2
davidsa03,15.89,22.08,5.21,2,1,2
cadair,6.96,36.35,3.76,2,1,2
decathorpe,14.28,24.56,5.21,2,1,2
hayao-k,13.43,26.12,5.21,2,1,2
davidteather,13.22,31.32,6.15,2,1,2
toddrob99,6.62,36.85,3.63,1,2,2
p403n1x87,11.04,29.63,4.86,2,1,2
inisis,8.9,41.19,5.45,2,1,2
frenck,8.43,13.87,1.74,1,2,2
gera2ld,3.19,36.02,1.71,1,2,2
simon-weber,19.91,20.1,5.95,2,2,2
miigotu,17.59,23.55,6.16,2,1,2
nvie,22.22,18.42,6.08,2,1,2
elden1337,4.59,35.18,2.4,1,2,2
m-lundberg,12.11,34.26,6.17,2,1,2
glentner,11.99,34.04,6.07,2,1,2
marksweb,12.98,31.33,6.04,2,1,2
mattijn,8.78,46.17,6.02,2,1,2
vc1492a,12.74,31.81,6.02,2,1,2
jsbroks,6.14,28.17,2.57,1,2,2
maciej-gol,12.14,34.39,6.2,2,1,2
joerihermans,11.44,35.14,5.97,2,1,2
radiac,8.77,47.61,6.21,2,1,2
kszucs,12.89,31.16,5.97,2,2,2
ergo-code,11.76,33.9,5.92,2,1,2
iver56,8.74,41.98,5.45,2,1,2
andreoliwa,10.5,37.86,5.91,2,1,2
awtkns,6.21,29.48,2.72,1,2,2
n8henrie,10.63,36.64,5.79,2,1,2
mandrewcito,13.51,28.29,5.68,2,1,2
dpep,13.76,27.75,5.67,2,1,2
pybamm-team,9.04,42.17,5.67,2,1,2
kokarare1212,9.27,40.71,5.61,2,1,2
djc,18.36,20.49,5.59,2,1,2
vberlier,16.81,22.18,5.54,2,1,2
sachinraja,6.95,53.09,5.48,2,1,2
ion-elgreco,10.84,33.95,5.47,2,1,2
z3z1ma,11.01,31.8,5.2,2,1,2
genthalili,7.54,48.75,5.46,2,1,2
timsavage,17.11,20.48,5.21,2,1,2
scottrogowski,10.85,37.95,6.12,2,1,2
jeremyephron,11.03,23.86,3.91,2,1,2
erdem,11.89,24.64,4.35,2,1,2
shankarpandala,7.21,41.3,4.43,2,1,2
gijzelaerr,7.85,42.21,4.92,2,1,2
guts,9.72,30.46,4.4,2,2,2
guilatrova,9.2,36.12,4.94,2,1,2
caniko,8.91,32.99,4.37,2,2,2
carla-simulator,6.7,43.85,4.37,2,2,2
alexdelorenzo,11.33,25.91,4.36,2,1,2
jasonish,8.2,35.6,4.34,2,1,2
mvexel,8.74,32.86,4.27,2,1,2
mgeier,10.43,27.88,4.32,2,1,2
hunterjm,6.81,42.65,4.32,2,1,2
jaxgaussianprocesses,7.89,36.74,4.31,2,1,2
monetdb,7.18,40.34,4.3,2,1,2
aayush9029,12.9,27.04,5.18,2,2,2
plemeri,10.08,33.08,4.96,2,1,2
tabulatejarl8,7.57,44.12,4.96,2,1,2
jteppinette,9.25,32.37,4.45,2,1,2
jakubandrysek,8.06,37.3,4.47,2,1,2
jjlawren,9.86,30.91,4.53,2,1,2
antoineaugusti,8.05,37.93,4.54,2,1,2
kitao,8.86,37.04,4.88,2,1,2
marcomusy,5.44,59.89,4.84,2,1,2
doctorjohn,10.38,31.38,4.84,2,1,2
jgosmann,11.69,27.83,4.83,2,1,2
kumaraditya303,14.02,23.11,4.82,2,1,2
open-meteo,12.03,27.32,4.88,2,1,2
bmeares,6.58,48.56,4.75,2,1,2
15r10nk,12.12,26.24,4.73,2,1,2
tpvasconcelos,6.43,49.37,4.72,2,1,2
brianpugh,7.93,39.91,4.7,2,1,2
hexdecimal,7.99,39.07,4.64,2,1,2
carreau,14.15,22.03,4.63,2,1,2
juncongmoo,6.75,45.56,4.57,2,1,2
moggers87,9.42,32.6,4.56,2,1,2
ggerganov,17.88,17.13,4.55,2,1,2
jdrouet,6.1,47.13,4.27,2,1,2
madoshakalaka,8.06,35.92,4.3,2,2,2
fmalina,9.02,30.73,4.12,2,1,2
jkbrzt,15.29,22.67,5.15,2,1,2
bitprophet,11.21,24.26,4.04,2,1,2
lesleslie,7.23,37.71,4.05,2,1,2
evhub,7.34,37.33,4.07,2,1,2
willian-zhang,10.0,34.52,5.13,2,1,2
zeehio,11.78,22.9,4.01,2,2,2
avanov,7.61,35.33,4.0,2,1,2
dsdanielpark,9.06,38.07,5.13,2,1,2
typpo,16.43,21.06,5.14,2,1,2
lyy289065406,9.27,30.02,4.14,2,1,2
rmorshea,10.01,26.79,3.99,2,1,2
jd-boyd,14.19,24.13,5.09,2,1,2
zifter,8.44,33.15,4.16,2,1,2
rbonghi,8.29,41.11,5.06,2,1,2
thewh1teagle,10.91,31.77,5.15,2,1,2
zhreshold,15.03,23.02,5.14,2,1,2
highfestiva,8.4,33.56,4.19,2,1,2
dosisod,8.37,40.26,5.01,2,1,2
saulpw,5.45,48.52,3.93,2,1,2
ap--,5.7,50.28,4.26,2,1,2
mtshiba,4.92,58.01,4.24,2,2,2
sukgu,10.51,26.95,4.21,2,1,2
erogol,15.06,23.16,5.18,2,1,2
thomas55555,7.7,34.55,3.95,2,1,2
alvarobartt,9.03,37.52,5.04,2,1,2
eieste,8.99,29.53,3.95,2,1,2
dhimmel,4.35,32.61,2.11,1,1,1
aristocratos,5.34,25.39,2.01,1,1,1
kalaspuff,3.28,45.56,2.22,1,1,1
bouzidanas,2.77,53.38,2.2,1,1,1
dubovikmaster,5.25,25.71,2.01,1,1,1
wez,10.71,8.24,1.31,1,1,1
realorangeone,2.8,30.88,1.28,1,1,1
mivek,3.55,39.92,2.11,1,1,1
techouse,3.09,46.9,2.15,1,1,1
amenezes,4.62,28.82,1.98,1,1,1
ludy87,3.62,38.63,2.08,1,1,1
felix-hilden,4.49,31.25,2.09,1,1,1
erev0s,3.93,36.06,2.11,1,1,1
eli64s,3.37,42.61,2.13,1,1,1
mikeckennedy,4.81,29.78,2.13,1,1,1
lambdalisue,6.69,16.43,1.63,1,1,1
tarsil,2.13,42.16,1.33,1,1,1
jugmac00,3.86,25.51,1.46,1,1,1
tomquirk,3.16,34.98,1.64,1,1,1
brandtbucher,4.15,26.77,1.65,1,1,1
d60,2.86,38.91,1.65,1,1,1
randovania,1.96,58.34,1.7,1,1,1
nikgapps,2.87,40.09,1.71,1,1,1
vsoch,4.56,25.3,1.71,1,1,1
seanthegeek,3.35,34.52,1.72,1,1,1
matyasrichter,2.84,40.92,1.73,1,1,1
tsukumijima,3.06,34.43,1.57,1,1,1
r4fek,5.03,23.47,1.75,1,1,1
codazoda,6.17,19.29,1.77,1,1,1
oplik0,4.85,26.17,1.89,1,1,1
rohaquinlop,2.69,35.3,1.41,1,1,1
pwoolvett,3.19,29.66,1.41,1,1,1
jeertmans,2.8,43.86,1.83,1,1,1
ikemo3,5.58,22.09,1.83,1,1,1
edsu,3.32,37.25,1.84,1,1,1
ther1d,2.81,33.51,1.4,1,1,1
dobiasd,2.65,35.45,1.4,1,1,1
hongquan,3.84,23.55,1.34,1,1,1
bclavie,3.38,37.38,1.88,1,1,1
hamano,5.79,19.04,1.64,1,1,1
asg017,2.59,34.3,1.32,1,1,1
tmm,9.81,24.98,3.64,1,1,1
tschoonj,2.65,57.78,2.28,1,1,1
alorence,6.57,32.58,3.18,1,1,1
nilcoalescing,7.61,29.48,3.33,1,1,1
nicoddemus,8.03,27.75,3.31,1,1,1
kmaork,7.06,30.8,3.23,1,1,1
whitphx,7.15,30.13,3.2,1,1,1
daijro,5.84,36.85,3.2,1,1,1
marzer,6.22,34.42,3.18,1,1,1
maxpumperla,7.88,26.87,3.15,1,1,1
dnicolodi,5.9,34.86,3.06,1,1,1
mosermichael,6.94,30.41,3.14,1,1,1
gagan3012,6.94,30.24,3.12,1,1,1
timkpaine,3.67,56.9,3.1,1,1,1
kernc,6.38,32.66,3.1,1,1,1
eggplants,7.81,26.61,3.09,1,1,1
dlech,5.29,39.26,3.09,1,1,1
emre,5.61,40.21,3.35,1,1,1
antony-jr,6.19,36.51,3.36,1,1,1
mauwii,6.61,34.25,3.36,1,1,1
jakar510,5.29,42.8,3.36,1,1,1
sinkaroid,6.59,34.42,3.37,1,1,1
cleancut,9.42,24.53,3.43,1,1,1
mill1000,3.89,59.55,3.44,1,1,1
toluaina,4.01,58.06,3.46,1,1,1
davedittrich,5.48,42.57,3.47,1,1,1
balloob,16.87,13.87,3.48,1,1,1
markusressel,9.36,25.09,3.49,1,1,1
oliviermirat,4.25,55.33,3.49,1,1,1
wagnerdelima,6.68,35.53,3.53,1,1,1
escaped,10.1,23.95,3.59,1,1,1
simonrob,8.27,30.03,3.69,1,1,1
embray,9.41,26.63,3.72,1,1,1
s0md3v,12.86,19.59,3.74,1,1,1
archivebox,5.0,41.33,3.07,1,1,1
kaste,11.2,18.32,3.05,1,1,1
yorevs,3.64,42.39,2.29,1,1,1
tulir,15.82,10.63,2.5,1,1,1
akx,5.82,30.46,2.63,1,1,1
juftin,3.77,46.73,2.62,1,1,1
abatilo,5.49,32.04,2.61,1,1,1
nearbeach,2.87,60.95,2.6,1,1,1
gottadiveintopython,4.5,37.58,2.51,1,1,1
sbidy,5.2,32.36,2.5,1,1,1
mic92,6.01,27.82,2.48,1,1,1
kamushadenes,6.68,30.68,3.05,1,1,1
krande,3.42,48.64,2.47,1,1,1
youyo,5.94,27.94,2.47,1,1,1
stumpylog,3.71,44.57,2.46,1,1,1
harupy,5.98,27.09,2.41,1,1,1
hyunwoongko,4.77,32.77,2.32,1,1,1
archinetai,4.65,33.4,2.31,1,1,1
starkillerog,6.34,28.27,2.66,1,1,1
ratoaq2,5.65,32.16,2.7,1,1,1
fayasnoushad,6.42,28.32,2.7,1,1,1
software-mansion,6.61,27.64,2.72,1,1,1
andrasmaroy,7.66,24.36,2.77,1,1,1
kdeldycke,5.12,37.07,2.82,1,1,1
njzjz,5.69,33.4,2.82,1,1,1
lensvol,8.0,23.78,2.83,1,1,1
izihawa,5.3,36.34,2.86,1,1,1
zengin-code,5.26,36.9,2.88,1,1,1
xknx,5.54,35.29,2.91,1,1,1
muety,6.89,28.44,2.91,1,1,1
gugarosa,6.75,29.1,2.92,1,1,1
reinhrst,7.69,25.92,2.96,1,1,1
tyteen4a03,3.92,50.92,2.97,1,1,1
aaliddell,6.7,29.87,2.97,1,1,1
the-compiler,17.04,11.95,3.03,1,1,1
mrmkn,2.48,34.1,1.26,1,1,1
